TP,FP,TN,FN,sensitivity,specificity,roc_auc,pr_auc,f1,precision,balanced_accuracy,Model
89,335,384,40,0.689922480620155,0.5340751043115438,0.6655130402906707,0.26701847253533806,0.321880650994575,0.2099056603773585,0.6119987924658494,CatBoost
94,354,365,35,0.7286821705426356,0.5076495132127955,0.6859494776336643,0.27466344306372525,0.32582322357019067,0.20982142857142858,0.6181658418777156,SVM
92,312,407,37,0.7131782945736435,0.5660639777468707,0.69746956906125,0.30330412530859685,0.3452157598499062,0.22772277227722773,0.6396211361602571,Logistic
