TP,FP,TN,FN,sensitivity,specificity,roc_auc,pr_auc,f1,precision,balanced_accuracy,Model
5,6,713,124,0.03875968992248062,0.9916550764951322,0.6655130402906707,0.26701847253533806,0.07142857142857142,0.45454545454545453,0.5152073832088064,CatBoost
6,8,711,123,0.046511627906976744,0.9888734353268428,0.6859494776336643,0.27466344306372525,0.08391608391608392,0.42857142857142855,0.5176925316169098,SVM
77,239,480,52,0.5968992248062015,0.6675938803894298,0.69746956906125,0.30330412530859685,0.34606741573033706,0.24367088607594936,0.6322465525978156,Logistic
