TP,FP,TN,FN,sensitivity,specificity,roc_auc,pr_auc,f1,precision,balanced_accuracy,Model
26,6,27,2,0.9285714285714286,0.8181818181818182,0.9534632034632035,0.9513006639029004,0.8666666666666667,0.8125,0.8733766233766234,SVM
26,6,27,2,0.9285714285714286,0.8181818181818182,0.9534632034632035,0.9502454876430764,0.8666666666666667,0.8125,0.8733766233766234,Logistic
24,6,27,4,0.8571428571428571,0.8181818181818182,0.9361471861471862,0.9351296486435877,0.8275862068965517,0.8,0.8376623376623377,CatBoost
