TP,FP,TN,FN,sensitivity,specificity,roc_auc,pr_auc,f1,precision,balanced_accuracy,Model
26,6,27,2,0.9285714285714286,0.8181818181818182,0.9534632034632035,0.9513006639029004,0.8666666666666667,0.8125,0.8733766233766234,SVM
26,5,28,2,0.9285714285714286,0.8484848484848485,0.9534632034632035,0.9502454876430764,0.8813559322033898,0.8387096774193549,0.8885281385281385,Logistic
24,3,30,4,0.8571428571428571,0.9090909090909091,0.9361471861471862,0.9351296486435877,0.8727272727272727,0.8888888888888888,0.8831168831168831,CatBoost
